fold,rule,threshold,val_tp,val_pos,val_fp,val_neg,test_pad_tp,test_pad_pos,test_pad_fp,test_pad_neg,fitz_tp,fitz_pos,fitz_fp,fitz_neg
0,global,0.1585240364074707,219,219,176,184,189,189,202,208,2159,2160,2157,2160
0,pad_sens90,0.5921784043312073,198,219,64,184,168,189,60,208,1516,2160,971,2160
1,global,0.17177149653434753,168,168,183,183,189,189,207,208,2159,2160,2157,2160
1,pad_sens90,0.5970269441604614,152,168,59,183,167,189,63,208,1524,2160,803,2160
2,global,0.174705371260643,137,137,220,222,189,189,206,208,2159,2160,2159,2160
2,pad_sens90,0.5135650634765625,124,137,68,222,173,189,72,208,1658,2160,1139,2160
3,global,0.2025844305753708,166,166,219,229,187,189,201,208,2160,2160,2153,2160
3,pad_sens90,0.5997253656387329,150,166,40,229,169,189,47,208,1546,2160,1018,2160
4,global,0.22724923491477966,198,198,175,175,189,189,207,208,2160,2160,2157,2160
4,pad_sens90,0.5705231428146362,179,198,58,175,165,189,56,208,1225,2160,498,2160
