fold,rule,threshold,val_tp,val_pos,val_fp,val_neg,pad_tp,pad_pos,pad_fp,pad_neg,fitz_tp,fitz_pos,fitz_fp,fitz_neg,isic_tp,isic_pos,isic_fp,isic_neg
0,global_youden,0.1585240364074707,219,219,176,184,189,189,202,208,2159,2160,2157,2160,53,76,2997,58620
0,pad_youden,0.64378243684768677,189,219,40,184,149,189,38,208,1273,2160,691,2160,2,76,4,58620
0,pad_sens95,0.52209985256195068,209,219,112,184,179,189,97,208,1890,2160,1473,2160,8,76,41,58620
0,pad_sens90,0.59217840433120728,198,219,64,184,168,189,60,208,1516,2160,971,2160,3,76,13,58620
0,pad_sens85,0.64439517259597778,187,219,40,184,149,189,38,208,1271,2160,687,2160,2,76,4,58620
0,pad_spec80,0.66387808323006492,178,219,36,184,147,189,34,208,1169,2160,576,2160,2,76,3,58620
0,pad_spec90,0.71711838245491843,161,219,18,184,130,189,24,208,857,2160,311,2160,0,76,0,58620
1,global_youden,0.17177149653434753,168,168,183,183,189,189,207,208,2159,2160,2157,2160,62,76,4091,58620
1,pad_youden,0.65439587831497192,144,168,29,183,147,189,42,208,1136,2160,445,2160,1,76,12,58620
1,pad_sens95,0.56192207336425781,160,168,70,183,175,189,84,208,1746,2160,1084,2160,10,76,57,58620
1,pad_sens90,0.59702694416046143,152,168,59,183,167,189,63,208,1524,2160,803,2160,6,76,31,58620
1,pad_sens85,0.65668833255767822,143,168,29,183,147,189,40,208,1119,2160,432,2160,1,76,11,58620
1,pad_spec80,0.63527524471382957,146,168,36,183,153,189,43,208,1270,2160,538,2160,4,76,16,58620
1,pad_spec90,0.71260106563668113,123,168,18,183,120,189,21,208,754,2160,179,2160,1,76,1,58620
2,global_youden,0.174705371260643,137,137,220,222,189,189,206,208,2159,2160,2159,2160,59,76,4127,58620
2,pad_youden,0.60308730602264404,104,137,24,222,130,189,27,208,984,2160,390,2160,3,76,2,58620
2,pad_sens95,0.44476586580276489,131,137,123,222,181,189,128,208,2017,2160,1765,2160,12,76,193,58620
2,pad_sens90,0.5135650634765625,124,137,68,222,173,189,72,208,1658,2160,1139,2160,7,76,35,58620
2,pad_sens85,0.54055386781692505,117,137,52,222,160,189,52,208,1427,2160,844,2160,6,76,20,58620
2,pad_spec80,0.55951112508873801,112,137,44,222,154,189,43,208,1285,2160,673,2160,3,76,8,58620
2,pad_spec90,0.61457848548989158,99,137,22,222,124,189,25,208,913,2160,337,2160,3,76,0,58620
3,global_youden,0.2025844305753708,166,166,219,229,187,189,201,208,2160,2160,2153,2160,54,76,2196,58620
3,pad_youden,0.6581275463104248,142,166,25,229,153,189,39,208,1279,2160,695,2160,2,76,10,58620
3,pad_sens95,0.54505431652069092,158,166,62,229,176,189,71,208,1790,2160,1387,2160,16,76,169,58620
3,pad_sens90,0.59972536563873291,150,166,40,229,169,189,47,208,1546,2160,1018,2160,7,76,63,58620
3,pad_sens85,0.6581275463104248,142,166,25,229,153,189,39,208,1279,2160,695,2160,2,76,10,58620
3,pad_spec80,0.57602477073769431,153,166,45,229,172,189,55,208,1654,2160,1150,2160,9,76,93,58620
3,pad_spec90,0.69885486364464622,133,166,22,229,141,189,32,208,1110,2160,542,2160,0,76,5,58620
4,global_youden,0.22724923491477966,198,198,175,175,189,189,207,208,2160,2160,2157,2160,57,76,3021,58620
4,pad_youden,0.66023439168930054,156,198,26,175,133,189,27,208,767,2160,210,2160,0,76,5,58620
4,pad_sens95,0.52474671602249146,189,198,68,175,176,189,91,208,1519,2160,817,2160,7,76,69,58620
4,pad_sens90,0.57052314281463623,179,198,58,175,165,189,56,208,1225,2160,498,2160,5,76,23,58620
4,pad_sens85,0.61162590980529785,169,198,41,175,151,189,39,208,976,2160,310,2160,2,76,14,58620
4,pad_spec80,0.63577282428841453,164,198,35,175,144,189,34,208,866,2160,249,2160,1,76,7,58620
4,pad_spec90,0.70728200674157005,135,198,17,175,114,189,19,208,574,2160,128,2160,0,76,1,58620
