run,fold,group,n,n_pos,testthr_threshold,testthr_sensitivity,testthr_specificity,testthr_precision,testthr_f1_score,testthr_accuracy,testthr_tp,testthr_fp,testthr_tn,testthr_fn,valthr_threshold,valthr_sensitivity,valthr_specificity,valthr_precision,valthr_f1_score,valthr_accuracy,valthr_tp,valthr_fp,valthr_tn,valthr_fn
baseline_mobilenetv4_conv_medium,0,all,59093,265,0.231195,0.920755,0.933076,0.0583592,0.109762,0.933021,244,3937,54891,21,0.251621,0.89434,0.947814,0.0716662,0.132699,0.947574,237,3070,55758,28
baseline_mobilenetv4_conv_medium,0,isic2024,58696,76,0.231195,0.723684,0.936267,0.014508,0.0284458,0.935992,55,3736,54884,21,0.251621,0.631579,0.951024,0.016444,0.0320534,0.95061,48,2871,55749,28
baseline_mobilenetv4_conv_medium,0,pad_ufes_20,397,189,0.231195,1,0.0336538,0.484615,0.65285,0.493703,189,201,7,0,0.251621,1,0.0432692,0.487113,0.655113,0.498741,189,199,9,0
baseline_mobilenetv4_conv_medium,1,all,59093,265,0.221918,0.928302,0.905844,0.0425238,0.0813223,0.905945,246,5539,53289,19,0.229609,0.913208,0.915227,0.0462804,0.0880961,0.915218,242,4987,53841,23
baseline_mobilenetv4_conv_medium,1,isic2024,58696,76,0.221918,0.75,0.909024,0.0105751,0.0208562,0.908818,57,5333,53287,19,0.229609,0.697368,0.918441,0.010964,0.0215886,0.918155,53,4781,53839,23
baseline_mobilenetv4_conv_medium,1,pad_ufes_20,397,189,0.221918,1,0.00961538,0.478481,0.64726,0.481108,189,206,2,0,0.229609,1,0.00961538,0.478481,0.64726,0.481108,189,206,2,0
baseline_mobilenetv4_conv_medium,2,all,59093,265,0.24729,0.909434,0.906881,0.0421402,0.0805481,0.906893,241,5478,53350,24,0.298398,0.845283,0.960291,0.0875,0.158584,0.959775,224,2336,56492,41
baseline_mobilenetv4_conv_medium,2,isic2024,58696,76,0.24729,0.684211,0.909962,0.0097561,0.0192379,0.90967,52,5278,53342,24,0.298398,0.460526,0.963511,0.0160994,0.0311111,0.962859,35,2139,56481,41
baseline_mobilenetv4_conv_medium,2,pad_ufes_20,397,189,0.24729,1,0.0384615,0.485861,0.653979,0.496222,189,200,8,0,0.298398,1,0.0528846,0.489637,0.657391,0.503778,189,197,11,0
baseline_mobilenetv4_conv_medium,3,all,59093,265,0.215268,0.932075,0.922146,0.0511705,0.0970149,0.92219,247,4580,54248,18,0.267432,0.886792,0.951486,0.0760764,0.140131,0.951196,235,2854,55974,30
baseline_mobilenetv4_conv_medium,3,isic2024,58696,76,0.215268,0.763158,0.92535,0.0130807,0.0257206,0.92514,58,4376,54244,18,0.267432,0.605263,0.954742,0.0170433,0.0331532,0.95429,46,2653,55967,30
baseline_mobilenetv4_conv_medium,3,pad_ufes_20,397,189,0.215268,1,0.0192308,0.480916,0.649485,0.486146,189,204,4,0,0.267432,1,0.0336538,0.484615,0.65285,0.493703,189,201,7,0
baseline_mobilenetv4_conv_medium,4,all,59093,265,0.201257,0.928302,0.917879,0.0484538,0.0921003,0.917926,246,4831,53997,19,0.198515,0.928302,0.915635,0.047226,0.0898794,0.915692,246,4963,53865,19
baseline_mobilenetv4_conv_medium,4,isic2024,58696,76,0.201257,0.75,0.921102,0.0121743,0.0239596,0.92088,57,4625,53995,19,0.198515,0.75,0.91885,0.0118405,0.0233129,0.918632,57,4757,53863,19
baseline_mobilenetv4_conv_medium,4,pad_ufes_20,397,189,0.201257,1,0.00961538,0.478481,0.64726,0.481108,189,206,2,0,0.198515,1,0.00961538,0.478481,0.64726,0.481108,189,206,2,0
kd_efficientnetv2_m_to_mobilenetv4_conv_medium,0,all,59093,265,0.371094,0.909434,0.946318,0.0709032,0.13155,0.946153,241,3158,55670,24,0.358102,0.909434,0.941949,0.065919,0.122928,0.941804,241,3415,55413,24
kd_efficientnetv2_m_to_mobilenetv4_conv_medium,0,isic2024,58696,76,0.371094,0.684211,0.949591,0.017293,0.0337334,0.949247,52,2955,55665,24,0.358102,0.684211,0.945206,0.0159314,0.0311377,0.944868,52,3212,55408,24
kd_efficientnetv2_m_to_mobilenetv4_conv_medium,0,pad_ufes_20,397,189,0.371094,1,0.0240385,0.482143,0.650602,0.488665,189,203,5,0,0.358102,1,0.0240385,0.482143,0.650602,0.488665,189,203,5,0
kd_efficientnetv2_m_to_mobilenetv4_conv_medium,1,all,59093,265,0.187709,0.935849,0.929251,0.0562358,0.106096,0.929281,248,4162,54666,17,0.180923,0.935849,0.925121,0.0532989,0.100854,0.925169,248,4405,54423,17
kd_efficientnetv2_m_to_mobilenetv4_conv_medium,1,isic2024,58696,76,0.187709,0.776316,0.932549,0.0147022,0.0288579,0.932346,59,3954,54666,17,0.180923,0.776316,0.928403,0.0138628,0.0272392,0.928206,59,4197,54423,17
kd_efficientnetv2_m_to_mobilenetv4_conv_medium,1,pad_ufes_20,397,189,0.187709,1,0,0.476071,0.645051,0.476071,189,208,0,0,0.180923,1,0,0.476071,0.645051,0.476071,189,208,0,0
kd_efficientnetv2_m_to_mobilenetv4_conv_medium,2,all,59093,265,0.148977,0.939623,0.904297,0.0423541,0.0810547,0.904456,249,5630,53198,16,0.190567,0.901887,0.940233,0.0636485,0.118905,0.940061,239,3516,55312,26
kd_efficientnetv2_m_to_mobilenetv4_conv_medium,2,isic2024,58696,76,0.148977,0.802632,0.907404,0.0111131,0.0219227,0.907268,61,5428,53192,15,0.190567,0.671053,0.943398,0.015138,0.0296081,0.943046,51,3318,55302,25
kd_efficientnetv2_m_to_mobilenetv4_conv_medium,2,pad_ufes_20,397,189,0.148977,0.994709,0.0288462,0.482051,0.649396,0.488665,188,202,6,1,0.190567,0.994709,0.0480769,0.487047,0.653913,0.498741,188,198,10,1
kd_efficientnetv2_m_to_mobilenetv4_conv_medium,3,all,59093,265,0.172858,0.935849,0.918457,0.0491576,0.0934087,0.918535,248,4797,54031,17,0.223371,0.879245,0.949174,0.0722929,0.133601,0.94886,233,2990,55838,32
kd_efficientnetv2_m_to_mobilenetv4_conv_medium,3,isic2024,58696,76,0.172858,0.776316,0.921648,0.0126827,0.0249577,0.92146,59,4593,54027,17,0.223371,0.592105,0.952439,0.0158842,0.0309385,0.951973,45,2788,55832,31
kd_efficientnetv2_m_to_mobilenetv4_conv_medium,3,pad_ufes_20,397,189,0.172858,1,0.0192308,0.480916,0.649485,0.486146,189,204,4,0,0.223371,0.994709,0.0288462,0.482051,0.649396,0.488665,188,202,6,1
kd_efficientnetv2_m_to_mobilenetv4_conv_medium,4,all,59093,265,0.242354,0.883019,0.956755,0.0842333,0.153796,0.956425,234,2544,56284,31,0.178502,0.928302,0.908139,0.0435398,0.0831784,0.908229,246,5404,53424,19
kd_efficientnetv2_m_to_mobilenetv4_conv_medium,4,isic2024,58696,76,0.242354,0.592105,0.960048,0.0188521,0.0365408,0.959571,45,2342,56278,31,0.178502,0.75,0.911327,0.0108468,0.0213844,0.911118,57,5198,53422,19
kd_efficientnetv2_m_to_mobilenetv4_conv_medium,4,pad_ufes_20,397,189,0.242354,1,0.0288462,0.483376,0.651724,0.491184,189,202,6,0,0.178502,1,0.00961538,0.478481,0.64726,0.481108,189,206,2,0
teacher/efficientnetv2_m,0,all,59093,265,0.311065,0.94717,0.94234,0.0688993,0.128454,0.942362,251,3392,55436,14,0.384335,0.883019,0.969674,0.115956,0.204993,0.969286,234,1784,57044,31
teacher/efficientnetv2_m,0,isic2024,58696,76,0.311065,0.815789,0.945616,0.0190769,0.037282,0.945448,62,3188,55432,14,0.384335,0.592105,0.97291,0.0275566,0.0526624,0.972417,45,1588,57032,31
teacher/efficientnetv2_m,0,pad_ufes_20,397,189,0.311065,1,0.0192308,0.480916,0.649485,0.486146,189,204,4,0,0.384335,1,0.0576923,0.490909,0.658537,0.506297,189,196,12,0
teacher/efficientnetv2_m,1,all,59093,265,0.228182,0.962264,0.919766,0.0512563,0.0973282,0.919957,255,4720,54108,10,0.280622,0.932075,0.946369,0.0726044,0.134715,0.946305,247,3155,55673,18
teacher/efficientnetv2_m,1,isic2024,58696,76,0.228182,0.868421,0.923013,0.0144136,0.0283566,0.922942,66,4513,54107,10,0.280622,0.763158,0.949693,0.0192883,0.0376257,0.949451,58,2949,55671,18
teacher/efficientnetv2_m,1,pad_ufes_20,397,189,0.228182,1,0.00480769,0.477273,0.646154,0.478589,189,207,1,0,0.280622,1,0.00961538,0.478481,0.64726,0.481108,189,206,2,0
teacher/efficientnetv2_m,2,all,59093,265,0.284931,0.935849,0.949837,0.0775242,0.143187,0.949774,248,2951,55877,17,0.27406,0.935849,0.944176,0.0702152,0.130629,0.944139,248,3284,55544,17
teacher/efficientnetv2_m,2,isic2024,58696,76,0.284931,0.776316,0.953088,0.0210039,0.0409012,0.952859,59,2750,55870,17,0.27406,0.776316,0.947424,0.0187838,0.0366801,0.947203,59,3082,55538,17
teacher/efficientnetv2_m,2,pad_ufes_20,397,189,0.284931,1,0.0336538,0.484615,0.65285,0.493703,189,201,7,0,0.27406,1,0.0288462,0.483376,0.651724,0.491184,189,202,6,0
teacher/efficientnetv2_m,3,all,59093,265,0.241568,0.924528,0.930985,0.0569106,0.107221,0.930956,245,4060,54768,20,0.283635,0.879245,0.952727,0.0773059,0.142116,0.952397,233,2781,56047,32
teacher/efficientnetv2_m,3,isic2024,58696,76,0.241568,0.736842,0.934237,0.0143186,0.0280913,0.933982,56,3855,54765,20,0.283635,0.578947,0.956005,0.0167747,0.0326047,0.955517,44,2579,56041,32
teacher/efficientnetv2_m,3,pad_ufes_20,397,189,0.241568,1,0.0144231,0.479695,0.64837,0.483627,189,205,3,0,0.283635,1,0.0288462,0.483376,0.651724,0.491184,189,202,6,0
teacher/efficientnetv2_m,4,all,59093,265,0.326439,0.913208,0.945774,0.0705128,0.130917,0.945628,242,3190,55638,23,0.266342,0.943396,0.905368,0.0429775,0.0822098,0.905539,250,5567,53261,15
teacher/efficientnetv2_m,4,isic2024,58696,76,0.326439,0.697368,0.949096,0.0174514,0.0340508,0.94877,53,2984,55636,23,0.266342,0.802632,0.908564,0.0112525,0.0221939,0.908426,61,5360,53260,15
teacher/efficientnetv2_m,4,pad_ufes_20,397,189,0.326439,1,0.00961538,0.478481,0.64726,0.481108,189,206,2,0,0.266342,1,0.00480769,0.477273,0.646154,0.478589,189,207,1,0
